Galaxy,SPARC_name,match_key,ngc_id,ugc_id,ic_id,pgc_id,Mb_proxy_Msun,Mstar_proxy_Msun,Mgas_proxy_Msun,Rb_kpc,Sigma_b_Msun_kpc2,V_obs_kms,V_b_kms,morphology_age_gyr,Morphology_T,z0mgs_match_status,z0mgs_match_method,z0mgs_PGC,z0mgs_NGC,z0mgs_UGC,z0mgs_IC,z0mgs_Dist_Mpc,z0mgs_e_Dist_dex,z0mgs_logMstar,z0mgs_e_logMstar,z0mgs_GammaStar,z0mgs_method_GammaStar,z0mgs_logSFR,z0mgs_e_logSFR,z0mgs_method_logSFR,z0mgs_DelMS,z0mgs_Flags,z0mgs_Mstar_Msun,z0mgs_SFR_Msun_yr,z0mgs_sSFR_yr,final_Mstar_for_SFH_Msun,final_SFR_for_SFH_Msun_yr,final_sSFR_for_SFH_yr,SFH_source,source_sparc_proxy_file,source_z0mgs_catalog,source_z0mgs_url
D631-7,D631-7,D631-7,,,,,483700000.0,98000000.0,385700000.0,0.7,157108665.25214243,57.7,54.51539975089607,6.0,10.0,pending_z0MGS_table4_download,,,,,,,,,,,,,,,,,,,,98000000.0,,,SPARC_proxy_only_until_z0MGS_match,flux_missing_history_age_scan_results.csv,J/ApJS/244/24/table4 (Leroy et al. 2019 z0MGS),https://cdsarc.cds.unistra.fr/viz-bin/cat/J/ApJS/244/24
DDO064,DDO064,DDO064,,,,,359130000.0,78500000.0,280630000.0,0.69,120053170.9989338,46.1,47.31310766538721,6.0,10.0,pending_z0MGS_table4_download,,,,,,,,,,,,,,,,,,,,78500000.0,,,SPARC_proxy_only_until_z0MGS_match,flux_missing_history_age_scan_results.csv,J/ApJS/244/24/table4 (Leroy et al. 2019 z0MGS),https://cdsarc.cds.unistra.fr/viz-bin/cat/J/ApJS/244/24
DDO154,DDO154,DDO154,,,,,392250000.00000006,26500000.0,365750000.00000006,0.37,456015532.7085169,47.0,67.52440895005341,6.0,10.0,pending_z0MGS_table4_download,,,,,,,,,,,,,,,,,,,,26500000.0,,,SPARC_proxy_only_until_z0MGS_match,flux_missing_history_age_scan_results.csv,J/ApJS/244/24/table4 (Leroy et al. 2019 z0MGS),https://cdsarc.cds.unistra.fr/viz-bin/cat/J/ApJS/244/24
DDO161,DDO161,DDO161,,,,,2106740000.0,274000000.0,1832740000.0,1.22,225274176.84051305,66.3,86.17984974915473,6.0,10.0,pending_z0MGS_table4_download,,,,,,,,,,,,,,,,,,,,274000000.0,,,SPARC_proxy_only_until_z0MGS_match,flux_missing_history_age_scan_results.csv,J/ApJS/244/24/table4 (Leroy et al. 2019 z0MGS),https://cdsarc.cds.unistra.fr/viz-bin/cat/J/ApJS/244/24
DDO168,DDO168,DDO168,,,,,644790000.0,95500000.0,549290000.0,1.02,98636597.22820376,53.4,52.14218644020124,6.0,10.0,pending_z0MGS_table4_download,,,,,,,,,,,,,,,,,,,,95500000.0,,,SPARC_proxy_only_until_z0MGS_match,flux_missing_history_age_scan_results.csv,J/ApJS/244/24/table4 (Leroy et al. 2019 z0MGS),https://cdsarc.cds.unistra.fr/viz-bin/cat/J/ApJS/244/24
DDO170,DDO170,DDO170,,,,,1249050000.0,271500000.0,977550000.0,1.95,52279416.61247388,60.0,52.48712484615046,6.0,10.0,pending_z0MGS_table4_download,,,,,,,,,,,,,,,,,,,,271500000.0,,,SPARC_proxy_only_until_z0MGS_match,flux_missing_history_age_scan_results.csv,J/ApJS/244/24/table4 (Leroy et al. 2019 z0MGS),https://cdsarc.cds.unistra.fr/viz-bin/cat/J/ApJS/244/24
ESO079-G014,ESO079-G014,ESO079-G014,,,,,30042700000.0,25866500000.0,4176200000.000001,5.08,185281333.6547091,175.0,159.48425048559733,9.3,4.0,pending_z0MGS_table4_download,,,,,,,,,,,,,,,,,,,,25866500000.0,,,SPARC_proxy_only_until_z0MGS_match,flux_missing_history_age_scan_results.csv,J/ApJS/244/24/table4 (Leroy et al. 2019 z0MGS),https://cdsarc.cds.unistra.fr/viz-bin/cat/J/ApJS/244/24
ESO116-G012,ESO116-G012,ESO116-G012,,,,,3586390000.0,2146000000.0,1440390000.0,1.51,250336255.5832387,109.1,101.06958004200644,7.649999999999999,7.0,pending_z0MGS_table4_download,,,,,,,,,,,,,,,,,,,,2146000000.0,,,SPARC_proxy_only_until_z0MGS_match,flux_missing_history_age_scan_results.csv,J/ApJS/244/24/table4 (Leroy et al. 2019 z0MGS),https://cdsarc.cds.unistra.fr/viz-bin/cat/J/ApJS/244/24
ESO563-G021,ESO563-G021,ESO563-G021,,,,,187904840000.0,155588500000.0,32316340000.0,5.45,1006850740.4054104,314.6,385.07995247607016,9.3,4.0,pending_z0MGS_table4_download,,,,,,,,,,,,,,,,,,,,155588500000.0,,,SPARC_proxy_only_until_z0MGS_match,flux_missing_history_age_scan_results.csv,J/ApJS/244/24/table4 (Leroy et al. 2019 z0MGS),https://cdsarc.cds.unistra.fr/viz-bin/cat/J/ApJS/244/24
F561-1,F561-1,F561-1,,,,,4195760000.000001,2038500000.0,2157260000.0000005,2.79,85787174.37176435,50.0,80.423578769406,6.55,9.0,pending_z0MGS_table4_download,,,,,,,,,,,,,,,,,,,,2038500000.0,,,SPARC_proxy_only_until_z0MGS_match,flux_missing_history_age_scan_results.csv,J/ApJS/244/24/table4 (Leroy et al. 2019 z0MGS),https://cdsarc.cds.unistra.fr/viz-bin/cat/J/ApJS/244/24
F563-1,F563-1,F563-1,,,,,5207500000.0,951500000.0,4256000000.0,3.52,66890444.71131238,109.9,79.76704154093457,6.55,9.0,pending_z0MGS_table4_download,,,,,,,,,,,,,,,,,,,,951500000.0,,,SPARC_proxy_only_until_z0MGS_match,flux_missing_history_age_scan_results.csv,J/ApJS/244/24/table4 (Leroy et al. 2019 z0MGS),https://cdsarc.cds.unistra.fr/viz-bin/cat/J/ApJS/244/24
F563-V2,F563-V2,F563-V2,,,,,4377770000.0,1493000000.0,2884770000.0,2.43,117994163.35914354,116.6,88.02448866779253,6.0,10.0,pending_z0MGS_table4_download,,,,,,,,,,,,,,,,,,,,1493000000.0,,,SPARC_proxy_only_until_z0MGS_match,flux_missing_history_age_scan_results.csv,J/ApJS/244/24/table4 (Leroy et al. 2019 z0MGS),https://cdsarc.cds.unistra.fr/viz-bin/cat/J/ApJS/244/24
F568-V1,F568-V1,F568-V1,,,,,5225530000.0,1912500000.0,3313030000.0000005,2.85,102390757.7439202,112.3,88.8020353652862,7.649999999999999,7.0,pending_z0MGS_table4_download,,,,,,,,,,,,,,,,,,,,1912500000.0,,,SPARC_proxy_only_until_z0MGS_match,flux_missing_history_age_scan_results.csv,J/ApJS/244/24/table4 (Leroy et al. 2019 z0MGS),https://cdsarc.cds.unistra.fr/viz-bin/cat/J/ApJS/244/24
F571-8,F571-8,F571-8,,,,,7452060000.0,5082000000.0,2370060000.0,3.56,93582895.56380108,139.7,94.88407974139172,8.75,5.0,pending_z0MGS_table4_download,,,,,,,,,,,,,,,,,,,,5082000000.0,,,SPARC_proxy_only_until_z0MGS_match,flux_missing_history_age_scan_results.csv,J/ApJS/244/24/table4 (Leroy et al. 2019 z0MGS),https://cdsarc.cds.unistra.fr/viz-bin/cat/J/ApJS/244/24
F571-V1,F571-V1,F571-V1,,,,,2543110000.0,924500000.0,1618610000.0,2.47,66342429.36721301,83.6,66.54482289015262,7.649999999999999,7.0,pending_z0MGS_table4_download,,,,,,,,,,,,,,,,,,,,924500000.0,,,SPARC_proxy_only_until_z0MGS_match,flux_missing_history_age_scan_results.csv,J/ApJS/244/24/table4 (Leroy et al. 2019 z0MGS),https://cdsarc.cds.unistra.fr/viz-bin/cat/J/ApJS/244/24
F574-1,F574-1,F574-1,,,,,7955420000.000001,3268500000.0,4686920000.000001,4.46,63652215.878668696,97.8,87.58793842700247,7.649999999999999,7.0,pending_z0MGS_table4_download,,,,,,,,,,,,,,,,,,,,3268500000.0,,,SPARC_proxy_only_until_z0MGS_match,flux_missing_history_age_scan_results.csv,J/ApJS/244/24/table4 (Leroy et al. 2019 z0MGS),https://cdsarc.cds.unistra.fr/viz-bin/cat/J/ApJS/244/24
F579-V1,F579-V1,F579-V1,,,,,8909850000.0,5924000000.0,2985850000.0,3.37,124862125.20206426,112.1,106.63515958256365,8.75,5.0,pending_z0MGS_table4_download,,,,,,,,,,,,,,,,,,,,5924000000.0,,,SPARC_proxy_only_until_z0MGS_match,flux_missing_history_age_scan_results.csv,J/ApJS/244/24/table4 (Leroy et al. 2019 z0MGS),https://cdsarc.cds.unistra.fr/viz-bin/cat/J/ApJS/244/24
F583-1,F583-1,F583-1,,,,,3320580000.0,493000000.0,2827580000.0,2.36,94887733.57729208,85.8,77.7913215928968,6.55,9.0,pending_z0MGS_table4_download,,,,,,,,,,,,,,,,,,,,493000000.0,,,SPARC_proxy_only_until_z0MGS_match,flux_missing_history_age_scan_results.csv,J/ApJS/244/24/table4 (Leroy et al. 2019 z0MGS),https://cdsarc.cds.unistra.fr/viz-bin/cat/J/ApJS/244/24
IC2574,IC2574,IC2574,,,2574,,1885880000.0,508000000.0,1377880000.0000002,2.78,38836903.37950206,66.4,54.01505302714402,6.55,9.0,pending_z0MGS_table4_download,,,,,,,,,,,,,,,,,,,,508000000.0,,,SPARC_proxy_only_until_z0MGS_match,flux_missing_history_age_scan_results.csv,J/ApJS/244/24/table4 (Leroy et al. 2019 z0MGS),https://cdsarc.cds.unistra.fr/viz-bin/cat/J/ApJS/244/24
IC4202,IC4202,IC4202,,,4202,,106268080000.0,89874500000.0,16393580000.0,4.78,740230835.6333476,242.6,309.2200499978445,9.3,4.0,pending_z0MGS_table4_download,,,,,,,,,,,,,,,,,,,,89874500000.0,,,SPARC_proxy_only_until_z0MGS_match,flux_missing_history_age_scan_results.csv,J/ApJS/244/24/table4 (Leroy et al. 2019 z0MGS),https://cdsarc.cds.unistra.fr/viz-bin/cat/J/ApJS/244/24
KK98-251,KK98-251,KK98-251,,,,,195450000.0,42500000.0,152950000.0,1.34,17323921.601309277,33.7,25.046417497870067,6.0,10.0,pending_z0MGS_table4_download,,,,,,,,,,,,,,,,,,,,42500000.0,,,SPARC_proxy_only_until_z0MGS_match,flux_missing_history_age_scan_results.csv,J/ApJS/244/24/table4 (Leroy et al. 2019 z0MGS),https://cdsarc.cds.unistra.fr/viz-bin/cat/J/ApJS/244/24
NGC0024,NGC0024,NGC0024,24,,,,2843580000.0,1944500000.0,899080000.0000001,1.34,252043780.95191115,106.3,95.53455910524126,8.75,5.0,pending_z0MGS_table4_download,,,,,,,,,,,,,,,,,,,,1944500000.0,,,SPARC_proxy_only_until_z0MGS_match,flux_missing_history_age_scan_results.csv,J/ApJS/244/24/table4 (Leroy et al. 2019 z0MGS),https://cdsarc.cds.unistra.fr/viz-bin/cat/J/ApJS/244/24
NGC0055,NGC0055,NGC0055,55,,,,4395450000.0,2314000000.0,2081450000.0,6.11,18738768.90432821,85.6,55.62387549682614,6.55,9.0,pending_z0MGS_table4_download,,,,,,,,,,,,,,,,,,,,2314000000.0,,,SPARC_proxy_only_until_z0MGS_match,flux_missing_history_age_scan_results.csv,J/ApJS/244/24/table4 (Leroy et al. 2019 z0MGS),https://cdsarc.cds.unistra.fr/viz-bin/cat/J/ApJS/244/24
NGC0100,NGC0100,NGC0100,100,,,,4262700000.0,1616000000.0,2646700000.0,1.66,246200383.18980345,88.1,105.09172429960915,8.2,6.0,pending_z0MGS_table4_download,,,,,,,,,,,,,,,,,,,,1616000000.0,,,SPARC_proxy_only_until_z0MGS_match,flux_missing_history_age_scan_results.csv,J/ApJS/244/24/table4 (Leroy et al. 2019 z0MGS),https://cdsarc.cds.unistra.fr/viz-bin/cat/J/ApJS/244/24
NGC0247,NGC0247,NGC0247,247,,,,5988180000.0,3666000000.0,2322180000.0,3.74,68135237.43344289,104.9,82.98350980412773,7.649999999999999,7.0,pending_z0MGS_table4_download,,,,,,,,,,,,,,,,,,,,3666000000.0,,,SPARC_proxy_only_until_z0MGS_match,flux_missing_history_age_scan_results.csv,J/ApJS/244/24/table4 (Leroy et al. 2019 z0MGS),https://cdsarc.cds.unistra.fr/viz-bin/cat/J/ApJS/244/24
NGC0289,NGC0289,NGC0289,289,,,,72566270000.0,36032500000.0,36533770000.0,6.74,254234883.02796343,163.0,215.18779194469337,9.3,4.0,pending_z0MGS_table4_download,,,,,,,,,,,,,,,,,,,,36032500000.0,,,SPARC_proxy_only_until_z0MGS_match,flux_missing_history_age_scan_results.csv,J/ApJS/244/24/table4 (Leroy et al. 2019 z0MGS),https://cdsarc.cds.unistra.fr/viz-bin/cat/J/ApJS/244/24
NGC0300,NGC0300,NGC0300,300,,,,2705880000.0,1461000000.0,1244880000.0000002,1.75,140621772.21665233,93.3,81.54839527474292,7.649999999999999,7.0,pending_z0MGS_table4_download,,,,,,,,,,,,,,,,,,,,1461000000.0,,,SPARC_proxy_only_until_z0MGS_match,flux_missing_history_age_scan_results.csv,J/ApJS/244/24/table4 (Leroy et al. 2019 z0MGS),https://cdsarc.cds.unistra.fr/viz-bin/cat/J/ApJS/244/24
NGC0801,NGC0801,NGC0801,801,,,,187142330000.0,156285000000.0,30857330000.0,8.72,391705071.1381972,220.1,303.8141178071445,8.75,5.0,pending_z0MGS_table4_download,,,,,,,,,,,,,,,,,,,,156285000000.0,,,SPARC_proxy_only_until_z0MGS_match,flux_missing_history_age_scan_results.csv,J/ApJS/244/24/table4 (Leroy et al. 2019 z0MGS),https://cdsarc.cds.unistra.fr/viz-bin/cat/J/ApJS/244/24
NGC0891,NGC0891,NGC0891,891,,,,75104460000.0,69170000000.0,5934460000.0,2.55,1838253911.149178,216.1,355.9122622983829,9.85,3.0,pending_z0MGS_table4_download,,,,,,,,,,,,,,,,,,,,69170000000.0,,,SPARC_proxy_only_until_z0MGS_match,flux_missing_history_age_scan_results.csv,J/ApJS/244/24/table4 (Leroy et al. 2019 z0MGS),https://cdsarc.cds.unistra.fr/viz-bin/cat/J/ApJS/244/24
NGC1003,NGC1003,NGC1003,1003,,,,11230400000.0,3410000000.0,7820400000.0,1.61,689546573.3957877,109.8,173.2067655787037,8.2,6.0,pending_z0MGS_table4_download,,,,,,,,,,,,,,,,,,,,3410000000.0,,,SPARC_proxy_only_until_z0MGS_match,flux_missing_history_age_scan_results.csv,J/ApJS/244/24/table4 (Leroy et al. 2019 z0MGS),https://cdsarc.cds.unistra.fr/viz-bin/cat/J/ApJS/244/24
NGC1090,NGC1090,NGC1090,1090,,,,47703890000.0,36022500000.0,11681390000.0,3.53,609290653.0196081,164.4,241.0847402767457,9.3,4.0,pending_z0MGS_table4_download,,,,,,,,,,,,,,,,,,,,36022500000.0,,,SPARC_proxy_only_until_z0MGS_match,flux_missing_history_age_scan_results.csv,J/ApJS/244/24/table4 (Leroy et al. 2019 z0MGS),https://cdsarc.cds.unistra.fr/viz-bin/cat/J/ApJS/244/24
NGC1705,NGC1705,NGC1705,1705,,,,451370000.0,266500000.0,184870000.0,0.39,472306158.20768434,71.9,70.55279432035456,5.449999999999999,11.0,pending_z0MGS_table4_download,,,,,,,,,,,,,,,,,,,,266500000.0,,,SPARC_proxy_only_until_z0MGS_match,flux_missing_history_age_scan_results.csv,J/ApJS/244/24/table4 (Leroy et al. 2019 z0MGS),https://cdsarc.cds.unistra.fr/viz-bin/cat/J/ApJS/244/24
NGC2366,NGC2366,NGC2366,2366,,,,978510000.0,118000000.0,860510000.0000001,0.65,368602848.2008296,50.2,80.46483650638955,6.0,10.0,pending_z0MGS_table4_download,,,,,,,,,,,,,,,,,,,,118000000.0,,,SPARC_proxy_only_until_z0MGS_match,flux_missing_history_age_scan_results.csv,J/ApJS/244/24/table4 (Leroy et al. 2019 z0MGS),https://cdsarc.cds.unistra.fr/viz-bin/cat/J/ApJS/244/24
NGC2403,NGC2403,NGC2403,2403,,,,9275170000.0,5020500000.0,4254670000.0,1.39,764033514.5787771,131.2,169.40792241227436,8.2,6.0,pending_z0MGS_table4_download,,,,,,,,,,,,,,,,,,,,5020500000.0,,,SPARC_proxy_only_until_z0MGS_match,flux_missing_history_age_scan_results.csv,J/ApJS/244/24/table4 (Leroy et al. 2019 z0MGS),https://cdsarc.cds.unistra.fr/viz-bin/cat/J/ApJS/244/24
NGC2683,NGC2683,NGC2683,2683,,,,42077480000.0,40207500000.0,1869980000.0,2.18,1409148837.398023,154.0,288.12224605685003,9.85,3.0,pending_z0MGS_table4_download,,,,,,,,,,,,,,,,,,,,40207500000.0,,,SPARC_proxy_only_until_z0MGS_match,flux_missing_history_age_scan_results.csv,J/ApJS/244/24/table4 (Leroy et al. 2019 z0MGS),https://cdsarc.cds.unistra.fr/viz-bin/cat/J/ApJS/244/24
NGC2841,NGC2841,NGC2841,2841,,,,107061250000.0,94060500000.0,13000750000.000002,3.64,1286025778.2195067,284.8,355.6686941281586,9.85,3.0,pending_z0MGS_table4_download,,,,,,,,,,,,,,,,,,,,94060500000.0,,,SPARC_proxy_only_until_z0MGS_match,flux_missing_history_age_scan_results.csv,J/ApJS/244/24/table4 (Leroy et al. 2019 z0MGS),https://cdsarc.cds.unistra.fr/viz-bin/cat/J/ApJS/244/24
NGC2903,NGC2903,NGC2903,2903,,,,44325660000.0,40931500000.0,3394160000.0000005,2.33,1299461750.043416,184.6,286.04201074340244,9.3,4.0,pending_z0MGS_table4_download,,,,,,,,,,,,,,,,,,,,40931500000.0,,,SPARC_proxy_only_until_z0MGS_match,flux_missing_history_age_scan_results.csv,J/ApJS/244/24/table4 (Leroy et al. 2019 z0MGS),https://cdsarc.cds.unistra.fr/viz-bin/cat/J/ApJS/244/24
NGC2915,NGC2915,NGC2915,2915,,,,996140000.0,320500000.0,675640000.0,0.55,524101173.5919359,83.5,88.2590040464582,5.449999999999999,11.0,pending_z0MGS_table4_download,,,,,,,,,,,,,,,,,,,,320500000.0,,,SPARC_proxy_only_until_z0MGS_match,flux_missing_history_age_scan_results.csv,J/ApJS/244/24/table4 (Leroy et al. 2019 z0MGS),https://cdsarc.cds.unistra.fr/viz-bin/cat/J/ApJS/244/24
NGC2976,NGC2976,NGC2976,2976,,,,1914260000.0,1685500000.0,228760000.0,1.01,298660858.11498046,85.4,90.28590438870914,8.75,5.0,pending_z0MGS_table4_download,,,,,,,,,,,,,,,,,,,,1685500000.0,,,SPARC_proxy_only_until_z0MGS_match,flux_missing_history_age_scan_results.csv,J/ApJS/244/24/table4 (Leroy et al. 2019 z0MGS),https://cdsarc.cds.unistra.fr/viz-bin/cat/J/ApJS/244/24
NGC2998,NGC2998,NGC2998,2998,,,,106640830000.0,75451000000.0,31189830000.0,6.2,441530052.8075568,209.9,271.9857124317082,8.75,5.0,pending_z0MGS_table4_download,,,,,,,,,,,,,,,,,,,,75451000000.0,,,SPARC_proxy_only_until_z0MGS_match,flux_missing_history_age_scan_results.csv,J/ApJS/244/24/table4 (Leroy et al. 2019 z0MGS),https://cdsarc.cds.unistra.fr/viz-bin/cat/J/ApJS/244/24
NGC3109,NGC3109,NGC3109,3109,,,,731410000.0,97000000.0,634410000.0,1.56,47833463.56296974,66.2,44.905374750405535,6.55,9.0,pending_z0MGS_table4_download,,,,,,,,,,,,,,,,,,,,97000000.0,,,SPARC_proxy_only_until_z0MGS_match,flux_missing_history_age_scan_results.csv,J/ApJS/244/24/table4 (Leroy et al. 2019 z0MGS),https://cdsarc.cds.unistra.fr/viz-bin/cat/J/ApJS/244/24
NGC3198,NGC3198,NGC3198,3198,,,,33595270000.0,19139500000.0,14455770000.0,3.14,542299209.4006712,150.1,214.51339742260808,8.75,5.0,pending_z0MGS_table4_download,,,,,,,,,,,,,,,,,,,,19139500000.0,,,SPARC_proxy_only_until_z0MGS_match,flux_missing_history_age_scan_results.csv,J/ApJS/244/24/table4 (Leroy et al. 2019 z0MGS),https://cdsarc.cds.unistra.fr/viz-bin/cat/J/ApJS/244/24
NGC3521,NGC3521,NGC3521,3521,,,,47942820000.0,42418000000.0,5524820000.0,2.4,1324711248.049476,213.7,293.11385299785815,9.3,4.0,pending_z0MGS_table4_download,,,,,,,,,,,,,,,,,,,,42418000000.0,,,SPARC_proxy_only_until_z0MGS_match,flux_missing_history_age_scan_results.csv,J/ApJS/244/24/table4 (Leroy et al. 2019 z0MGS),https://cdsarc.cds.unistra.fr/viz-bin/cat/J/ApJS/244/24
NGC3726,NGC3726,NGC3726,3726,,,,43726090000.0,35117000000.0,8609090000.0,3.4,602008941.6592643,168.0,235.1857699663746,8.75,5.0,pending_z0MGS_table4_download,,,,,,,,,,,,,,,,,,,,35117000000.0,,,SPARC_proxy_only_until_z0MGS_match,flux_missing_history_age_scan_results.csv,J/ApJS/244/24/table4 (Leroy et al. 2019 z0MGS),https://cdsarc.cds.unistra.fr/viz-bin/cat/J/ApJS/244/24
NGC3741,NGC3741,NGC3741,3741,,,,256060000.0,14000000.0,242060000.0,0.2,1018830368.202768,50.1,74.20549220239698,6.0,10.0,pending_z0MGS_table4_download,,,,,,,,,,,,,,,,,,,,14000000.0,,,SPARC_proxy_only_until_z0MGS_match,flux_missing_history_age_scan_results.csv,J/ApJS/244/24/table4 (Leroy et al. 2019 z0MGS),https://cdsarc.cds.unistra.fr/viz-bin/cat/J/ApJS/244/24
NGC3769,NGC3769,NGC3769,3769,,,,16693070000.0,9339500000.0,7353570000.0,3.38,232553535.05470973,118.6,145.74374822291722,9.85,3.0,pending_z0MGS_table4_download,,,,,,,,,,,,,,,,,,,,9339500000.0,,,SPARC_proxy_only_until_z0MGS_match,flux_missing_history_age_scan_results.csv,J/ApJS/244/24/table4 (Leroy et al. 2019 z0MGS),https://cdsarc.cds.unistra.fr/viz-bin/cat/J/ApJS/244/24
NGC3877,NGC3877,NGC3877,3877,,,,38239890000.0,36267500000.0,1972390000.0,2.53,950814341.2317548,168.4,254.9636301273331,8.75,5.0,pending_z0MGS_table4_download,,,,,,,,,,,,,,,,,,,,36267500000.0,,,SPARC_proxy_only_until_z0MGS_match,flux_missing_history_age_scan_results.csv,J/ApJS/244/24/table4 (Leroy et al. 2019 z0MGS),https://cdsarc.cds.unistra.fr/viz-bin/cat/J/ApJS/244/24
NGC3893,NGC3893,NGC3893,3893,,,,36975170000.0,29262500000.0,7712670000.000001,2.38,1038906340.8592536,174.0,258.49181057903667,8.75,5.0,pending_z0MGS_table4_download,,,,,,,,,,,,,,,,,,,,29262500000.0,,,SPARC_proxy_only_until_z0MGS_match,flux_missing_history_age_scan_results.csv,J/ApJS/244/24/table4 (Leroy et al. 2019 z0MGS),https://cdsarc.cds.unistra.fr/viz-bin/cat/J/ApJS/244/24
NGC3917,NGC3917,NGC3917,3917,,,,13494040000.0,10983000000.0,2511040000.0,2.63,310492152.3051887,135.9,148.55022012697208,8.2,6.0,pending_z0MGS_table4_download,,,,,,,,,,,,,,,,,,,,10983000000.0,,,SPARC_proxy_only_until_z0MGS_match,flux_missing_history_age_scan_results.csv,J/ApJS/244/24/table4 (Leroy et al. 2019 z0MGS),https://cdsarc.cds.unistra.fr/viz-bin/cat/J/ApJS/244/24
NGC3949,NGC3949,NGC3949,3949,,,,23516930000.0,19033500000.0,4483430000.0,3.59,290410196.6811312,163.0,167.85074233055752,9.3,4.0,pending_z0MGS_table4_download,,,,,,,,,,,,,,,,,,,,19033500000.0,,,SPARC_proxy_only_until_z0MGS_match,flux_missing_history_age_scan_results.csv,J/ApJS/244/24/table4 (Leroy et al. 2019 z0MGS),https://cdsarc.cds.unistra.fr/viz-bin/cat/J/ApJS/244/24
NGC3953,NGC3953,NGC3953,3953,,,,74417060000.0,70650500000.0,3766560000.0,4.89,495307520.0156474,220.8,255.83620364007365,9.3,4.0,pending_z0MGS_table4_download,,,,,,,,,,,,,,,,,,,,70650500000.0,,,SPARC_proxy_only_until_z0MGS_match,flux_missing_history_age_scan_results.csv,J/ApJS/244/24/table4 (Leroy et al. 2019 z0MGS),https://cdsarc.cds.unistra.fr/viz-bin/cat/J/ApJS/244/24
NGC3972,NGC3972,NGC3972,3972,,,,8791120000.0,7176500000.0,1614620000.0,2.18,294409183.4260632,132.7,131.69643980196943,9.3,4.0,pending_z0MGS_table4_download,,,,,,,,,,,,,,,,,,,,7176500000.0,,,SPARC_proxy_only_until_z0MGS_match,flux_missing_history_age_scan_results.csv,J/ApJS/244/24/table4 (Leroy et al. 2019 z0MGS),https://cdsarc.cds.unistra.fr/viz-bin/cat/J/ApJS/244/24
NGC3992,NGC3992,NGC3992,3992,,,,135542670000.0,113466000000.0,22076670000.0,4.96,876865160.4112557,241.0,342.8288463785008,9.3,4.0,pending_z0MGS_table4_download,,,,,,,,,,,,,,,,,,,,113466000000.0,,,SPARC_proxy_only_until_z0MGS_match,flux_missing_history_age_scan_results.csv,J/ApJS/244/24/table4 (Leroy et al. 2019 z0MGS),https://cdsarc.cds.unistra.fr/viz-bin/cat/J/ApJS/244/24
NGC4010,NGC4010,NGC4010,4010,,,,12363060000.0,8596500000.0,3766560000.0,2.81,249191640.270727,125.8,137.55931542946658,7.649999999999999,7.0,pending_z0MGS_table4_download,,,,,,,,,,,,,,,,,,,,8596500000.0,,,SPARC_proxy_only_until_z0MGS_match,flux_missing_history_age_scan_results.csv,J/ApJS/244/24/table4 (Leroy et al. 2019 z0MGS),https://cdsarc.cds.unistra.fr/viz-bin/cat/J/ApJS/244/24
NGC4013,NGC4013,NGC4013,4013,,,,43493110000.0,39547000000.0,3946110000.000001,3.53,555509108.2457563,172.9,230.19880047958105,9.85,3.0,pending_z0MGS_table4_download,,,,,,,,,,,,,,,,,,,,39547000000.0,,,SPARC_proxy_only_until_z0MGS_match,flux_missing_history_age_scan_results.csv,J/ApJS/244/24/table4 (Leroy et al. 2019 z0MGS),https://cdsarc.cds.unistra.fr/viz-bin/cat/J/ApJS/244/24
NGC4051,NGC4051,NGC4051,4051,,,,51221010000.0,47634000000.0,3587010000.0000005,4.65,377018241.7231774,157.0,217.6595714823287,9.3,4.0,pending_z0MGS_table4_download,,,,,,,,,,,,,,,,,,,,47634000000.0,,,SPARC_proxy_only_until_z0MGS_match,flux_missing_history_age_scan_results.csv,J/ApJS/244/24/table4 (Leroy et al. 2019 z0MGS),https://cdsarc.cds.unistra.fr/viz-bin/cat/J/ApJS/244/24
NGC4085,NGC4085,NGC4085,4085,,,,12656170000.0,10862000000.0,1794170000.0,1.65,739868509.1318103,131.5,181.6307411484113,8.75,5.0,pending_z0MGS_table4_download,,,,,,,,,,,,,,,,,,,,10862000000.0,,,SPARC_proxy_only_until_z0MGS_match,flux_missing_history_age_scan_results.csv,J/ApJS/244/24/table4 (Leroy et al. 2019 z0MGS),https://cdsarc.cds.unistra.fr/viz-bin/cat/J/ApJS/244/24
NGC4088,NGC4088,NGC4088,4088,,,,64583580000.0,53643000000.0,10940580000.000002,2.58,1544197464.030237,171.7,328.11900200958706,9.3,4.0,pending_z0MGS_table4_download,,,,,,,,,,,,,,,,,,,,53643000000.0,,,SPARC_proxy_only_until_z0MGS_match,flux_missing_history_age_scan_results.csv,J/ApJS/244/24/table4 (Leroy et al. 2019 z0MGS),https://cdsarc.cds.unistra.fr/viz-bin/cat/J/ApJS/244/24
NGC4100,NGC4100,NGC4100,4100,,,,33822660000.0,29697000000.0,4125660000.0,2.15,1164530779.3437588,158.2,260.11465863631827,9.3,4.0,pending_z0MGS_table4_download,,,,,,,,,,,,,,,,,,,,29697000000.0,,,SPARC_proxy_only_until_z0MGS_match,flux_missing_history_age_scan_results.csv,J/ApJS/244/24/table4 (Leroy et al. 2019 z0MGS),https://cdsarc.cds.unistra.fr/viz-bin/cat/J/ApJS/244/24
NGC4138,NGC4138,NGC4138,4138,,,,24027890000.0,22055500000.0,1972390000.0,1.51,1677188485.4034126,147.3,261.6070968060146,11.5,0.0,pending_z0MGS_table4_download,,,,,,,,,,,,,,,,,,,,22055500000.0,,,SPARC_proxy_only_until_z0MGS_match,flux_missing_history_age_scan_results.csv,J/ApJS/244/24/table4 (Leroy et al. 2019 z0MGS),https://cdsarc.cds.unistra.fr/viz-bin/cat/J/ApJS/244/24
NGC4157,NGC4157,NGC4157,4157,,,,63750580000.0,52810000000.0,10940580000.000002,2.32,1885073560.488876,184.7,343.77813805074624,9.85,3.0,pending_z0MGS_table4_download,,,,,,,,,,,,,,,,,,,,52810000000.0,,,SPARC_proxy_only_until_z0MGS_match,flux_missing_history_age_scan_results.csv,J/ApJS/244/24/table4 (Leroy et al. 2019 z0MGS),https://cdsarc.cds.unistra.fr/viz-bin/cat/J/ApJS/244/24
NGC4183,NGC4183,NGC4183,4183,,,,10081980000.0,5419000000.0,4662980000.0,2.79,206137761.99607235,110.6,124.66685153485228,8.2,6.0,pending_z0MGS_table4_download,,,,,,,,,,,,,,,,,,,,5419000000.0,,,SPARC_proxy_only_until_z0MGS_match,flux_missing_history_age_scan_results.csv,J/ApJS/244/24/table4 (Leroy et al. 2019 z0MGS),https://cdsarc.cds.unistra.fr/viz-bin/cat/J/ApJS/244/24
NGC4214,NGC4214,NGC4214,4214,,,,1216880000.0,570500000.0,646380000.0000001,0.51,744607716.8383914,80.1,101.30222072164683,6.0,10.0,pending_z0MGS_table4_download,,,,,,,,,,,,,,,,,,,,570500000.0,,,SPARC_proxy_only_until_z0MGS_match,flux_missing_history_age_scan_results.csv,J/ApJS/244/24/table4 (Leroy et al. 2019 z0MGS),https://cdsarc.cds.unistra.fr/viz-bin/cat/J/ApJS/244/24
NGC4217,NGC4217,NGC4217,4217,,,,46056960000.0,42649500000.0,3407460000.0,2.94,848048596.3933663,181.3,259.56979048779453,9.85,3.0,pending_z0MGS_table4_download,,,,,,,,,,,,,,,,,,,,42649500000.0,,,SPARC_proxy_only_until_z0MGS_match,flux_missing_history_age_scan_results.csv,J/ApJS/244/24/table4 (Leroy et al. 2019 z0MGS),https://cdsarc.cds.unistra.fr/viz-bin/cat/J/ApJS/244/24
NGC4559,NGC4559,NGC4559,4559,,,,17417130000.0,9688500000.0,7728630000.000001,2.1,628576492.9646583,121.2,188.8681936321125,8.2,6.0,pending_z0MGS_table4_download,,,,,,,,,,,,,,,,,,,,9688500000.0,,,SPARC_proxy_only_until_z0MGS_match,flux_missing_history_age_scan_results.csv,J/ApJS/244/24/table4 (Leroy et al. 2019 z0MGS),https://cdsarc.cds.unistra.fr/viz-bin/cat/J/ApJS/244/24
NGC5005,NGC5005,NGC5005,5005,,,,91062400000.0,89360000000.0,1702400000.0,9.45,162291437.41565368,262.2,203.57939490541008,9.3,4.0,pending_z0MGS_table4_download,,,,,,,,,,,,,,,,,,,,89360000000.0,,,SPARC_proxy_only_until_z0MGS_match,flux_missing_history_age_scan_results.csv,J/ApJS/244/24/table4 (Leroy et al. 2019 z0MGS),https://cdsarc.cds.unistra.fr/viz-bin/cat/J/ApJS/244/24
NGC5033,NGC5033,NGC5033,5033,,,,70302120000.0,55254500000.0,15047620000.0,5.16,420232028.86844224,194.2,242.0692013497236,8.75,5.0,pending_z0MGS_table4_download,,,,,,,,,,,,,,,,,,,,55254500000.0,,,SPARC_proxy_only_until_z0MGS_match,flux_missing_history_age_scan_results.csv,J/ApJS/244/24/table4 (Leroy et al. 2019 z0MGS),https://cdsarc.cds.unistra.fr/viz-bin/cat/J/ApJS/244/24
NGC5055,NGC5055,NGC5055,5055,,,,92051260000.0,76461000000.0,15590260000.0,3.2,1430704399.1052012,179.0,351.73862128299544,9.3,4.0,pending_z0MGS_table4_download,,,,,,,,,,,,,,,,,,,,76461000000.0,,,SPARC_proxy_only_until_z0MGS_match,flux_missing_history_age_scan_results.csv,J/ApJS/244/24/table4 (Leroy et al. 2019 z0MGS),https://cdsarc.cds.unistra.fr/viz-bin/cat/J/ApJS/244/24
NGC5371,NGC5371,NGC5371,5371,,,,185065900000.0,170196500000.0,14869400000.0,7.44,532109072.99164623,209.5,327.0822008683224,9.3,4.0,pending_z0MGS_table4_download,,,,,,,,,,,,,,,,,,,,170196500000.0,,,SPARC_proxy_only_until_z0MGS_match,flux_missing_history_age_scan_results.csv,J/ApJS/244/24/table4 (Leroy et al. 2019 z0MGS),https://cdsarc.cds.unistra.fr/viz-bin/cat/J/ApJS/244/24
NGC5585,NGC5585,NGC5585,5585,,,,3709890000.000001,1471500000.0,2238390000.0000005,1.53,252230907.69669428,90.3,102.1209810527517,7.649999999999999,7.0,pending_z0MGS_table4_download,,,,,,,,,,,,,,,,,,,,1471500000.0,,,SPARC_proxy_only_until_z0MGS_match,flux_missing_history_age_scan_results.csv,J/ApJS/244/24/table4 (Leroy et al. 2019 z0MGS),https://cdsarc.cds.unistra.fr/viz-bin/cat/J/ApJS/244/24
NGC5907,NGC5907,NGC5907,5907,,,,115675750000.0,87712500000.0,27963250000.0,5.34,645624409.3886263,215.0,305.2324557567308,8.75,5.0,pending_z0MGS_table4_download,,,,,,,,,,,,,,,,,,,,87712500000.0,,,SPARC_proxy_only_until_z0MGS_match,flux_missing_history_age_scan_results.csv,J/ApJS/244/24/table4 (Leroy et al. 2019 z0MGS),https://cdsarc.cds.unistra.fr/viz-bin/cat/J/ApJS/244/24
NGC5985,NGC5985,NGC5985,5985,,,,119773380000.0,104364000000.0,15409380000.0,7.01,387921991.97445583,293.6,271.0823994662867,9.85,3.0,pending_z0MGS_table4_download,,,,,,,,,,,,,,,,,,,,104364000000.0,,,SPARC_proxy_only_until_z0MGS_match,flux_missing_history_age_scan_results.csv,J/ApJS/244/24/table4 (Leroy et al. 2019 z0MGS),https://cdsarc.cds.unistra.fr/viz-bin/cat/J/ApJS/244/24
NGC6015,NGC6015,NGC6015,6015,,,,23823720000.0,16064499999.999998,7759220000.0,2.3,716760453.8444706,154.1,211.0673450998005,8.2,6.0,pending_z0MGS_table4_download,,,,,,,,,,,,,,,,,,,,16064499999.999998,,,SPARC_proxy_only_until_z0MGS_match,flux_missing_history_age_scan_results.csv,J/ApJS/244/24/table4 (Leroy et al. 2019 z0MGS),https://cdsarc.cds.unistra.fr/viz-bin/cat/J/ApJS/244/24
NGC6195,NGC6195,NGC6195,6195,,,,223344310000.0,195538000000.0,27806310000.0,13.94,182923489.210516,251.7,262.5041881639109,9.85,3.0,pending_z0MGS_table4_download,,,,,,,,,,,,,,,,,,,,195538000000.0,,,SPARC_proxy_only_until_z0MGS_match,flux_missing_history_age_scan_results.csv,J/ApJS/244/24/table4 (Leroy et al. 2019 z0MGS),https://cdsarc.cds.unistra.fr/viz-bin/cat/J/ApJS/244/24
NGC6503,NGC6503,NGC6503,6503,,,,8742020000.0,6422500000.0,2319520000.0,2.16,298211525.9791261,116.3,131.93475035417515,8.2,6.0,pending_z0MGS_table4_download,,,,,,,,,,,,,,,,,,,,6422500000.0,,,SPARC_proxy_only_until_z0MGS_match,flux_missing_history_age_scan_results.csv,J/ApJS/244/24/table4 (Leroy et al. 2019 z0MGS),https://cdsarc.cds.unistra.fr/viz-bin/cat/J/ApJS/244/24
NGC6674,NGC6674,NGC6674,6674,,,,150106450000.0,107327000000.0,42779450000.0,6.04,654855694.5823767,241.3,326.93497638879364,9.85,3.0,pending_z0MGS_table4_download,,,,,,,,,,,,,,,,,,,,107327000000.0,,,SPARC_proxy_only_until_z0MGS_match,flux_missing_history_age_scan_results.csv,J/ApJS/244/24/table4 (Leroy et al. 2019 z0MGS),https://cdsarc.cds.unistra.fr/viz-bin/cat/J/ApJS/244/24
NGC6946,NGC6946,NGC6946,6946,,,,40627600000.0,33086500000.0,7541100000.0,2.44,1086079576.3840847,158.9,267.6060009955914,8.2,6.0,pending_z0MGS_table4_download,,,,,,,,,,,,,,,,,,,,33086500000.0,,,SPARC_proxy_only_until_z0MGS_match,flux_missing_history_age_scan_results.csv,J/ApJS/244/24/table4 (Leroy et al. 2019 z0MGS),https://cdsarc.cds.unistra.fr/viz-bin/cat/J/ApJS/244/24
NGC7331,NGC7331,NGC7331,7331,,,,140034610000.0,125315500000.0,14719110000.0,5.02,884398675.6339487,239.0,346.3745797558128,9.85,3.0,pending_z0MGS_table4_download,,,,,,,,,,,,,,,,,,,,125315500000.0,,,SPARC_proxy_only_until_z0MGS_match,flux_missing_history_age_scan_results.csv,J/ApJS/244/24/table4 (Leroy et al. 2019 z0MGS),https://cdsarc.cds.unistra.fr/viz-bin/cat/J/ApJS/244/24
NGC7814,NGC7814,NGC7814,7814,,,,38687600000.0,37264500000.0,1423100000.0000005,2.54,954386939.10999,218.9,255.946510864325,10.4,2.0,pending_z0MGS_table4_download,,,,,,,,,,,,,,,,,,,,37264500000.0,,,SPARC_proxy_only_until_z0MGS_match,flux_missing_history_age_scan_results.csv,J/ApJS/244/24/table4 (Leroy et al. 2019 z0MGS),https://cdsarc.cds.unistra.fr/viz-bin/cat/J/ApJS/244/24
PGC51017,PGC51017,PGC51017,,,,51017,344830000.0,77500000.0,267330000.0,0.53,195376999.02591053,18.6,52.89867129800463,5.449999999999999,11.0,pending_z0MGS_table4_download,,,,,,,,,,,,,,,,,,,,77500000.0,,,SPARC_proxy_only_until_z0MGS_match,flux_missing_history_age_scan_results.csv,J/ApJS/244/24/table4 (Leroy et al. 2019 z0MGS),https://cdsarc.cds.unistra.fr/viz-bin/cat/J/ApJS/244/24
UGC00128,UGC00128,UGC00128,,128,,,15893230000.0,6010000000.0,9883230000.0,5.95,71449364.20299141,129.3,107.18346153569172,7.1,8.0,pending_z0MGS_table4_download,,,,,,,,,,,,,,,,,,,,6010000000.0,,,SPARC_proxy_only_until_z0MGS_match,flux_missing_history_age_scan_results.csv,J/ApJS/244/24/table4 (Leroy et al. 2019 z0MGS),https://cdsarc.cds.unistra.fr/viz-bin/cat/J/ApJS/244/24
UGC00731,UGC00731,UGC00731,,731,,,2564810000.0,161500000.0,2403310000.0,2.3,77164875.1590783,73.3,69.25383987815813,6.0,10.0,pending_z0MGS_table4_download,,,,,,,,,,,,,,,,,,,,161500000.0,,,SPARC_proxy_only_until_z0MGS_match,flux_missing_history_age_scan_results.csv,J/ApJS/244/24/table4 (Leroy et al. 2019 z0MGS),https://cdsarc.cds.unistra.fr/viz-bin/cat/J/ApJS/244/24
UGC01230,UGC01230,UGC01230,,1230,,,12361900000.0,3810000000.0,8551900000.0,4.34,104454197.95534526,103.7,110.6822363754832,6.55,9.0,pending_z0MGS_table4_download,,,,,,,,,,,,,,,,,,,,3810000000.0,,,SPARC_proxy_only_until_z0MGS_match,flux_missing_history_age_scan_results.csv,J/ApJS/244/24/table4 (Leroy et al. 2019 z0MGS),https://cdsarc.cds.unistra.fr/viz-bin/cat/J/ApJS/244/24
UGC01281,UGC01281,UGC01281,,1281,,,567520000.0,176500000.0,391020000.0,1.63,33995864.843807615,55.2,38.69696999282718,7.1,8.0,pending_z0MGS_table4_download,,,,,,,,,,,,,,,,,,,,176500000.0,,,SPARC_proxy_only_until_z0MGS_match,flux_missing_history_age_scan_results.csv,J/ApJS/244/24/table4 (Leroy et al. 2019 z0MGS),https://cdsarc.cds.unistra.fr/viz-bin/cat/J/ApJS/244/24
UGC02259,UGC02259,UGC02259,,2259,,,1519520000.0,862500000.0,657020000.0,1.62,92150251.15340526,86.2,63.514938279835846,7.1,8.0,pending_z0MGS_table4_download,,,,,,,,,,,,,,,,,,,,862500000.0,,,SPARC_proxy_only_until_z0MGS_match,flux_missing_history_age_scan_results.csv,J/ApJS/244/24/table4 (Leroy et al. 2019 z0MGS),https://cdsarc.cds.unistra.fr/viz-bin/cat/J/ApJS/244/24
UGC02487,UGC02487,UGC02487,,2487,,,268868290000.0,244977500000.0,23890790000.000004,7.89,687393957.7004666,332.0,382.8348525837728,11.5,0.0,pending_z0MGS_table4_download,,,,,,,,,,,,,,,,,,,,244977500000.0,,,SPARC_proxy_only_until_z0MGS_match,flux_missing_history_age_scan_results.csv,J/ApJS/244/24/table4 (Leroy et al. 2019 z0MGS),https://cdsarc.cds.unistra.fr/viz-bin/cat/J/ApJS/244/24
UGC02885,UGC02885,UGC02885,,2885,,,255062250000.0,201762500000.0,53299750000.00001,11.4,312360863.9861556,289.5,310.20646515137383,8.75,5.0,pending_z0MGS_table4_download,,,,,,,,,,,,,,,,,,,,201762500000.0,,,SPARC_proxy_only_until_z0MGS_match,flux_missing_history_age_scan_results.csv,J/ApJS/244/24/table4 (Leroy et al. 2019 z0MGS),https://cdsarc.cds.unistra.fr/viz-bin/cat/J/ApJS/244/24
UGC02916,UGC02916,UGC02916,,2916,,,93029590000.0,62076500000.0,30953090000.0,6.15,391463258.7034795,182.7,255.0663532121776,10.4,2.0,pending_z0MGS_table4_download,,,,,,,,,,,,,,,,,,,,62076500000.0,,,SPARC_proxy_only_until_z0MGS_match,flux_missing_history_age_scan_results.csv,J/ApJS/244/24/table4 (Leroy et al. 2019 z0MGS),https://cdsarc.cds.unistra.fr/viz-bin/cat/J/ApJS/244/24
UGC02953,UGC02953,UGC02953,,2953,,,139970740000.0,129758999999.99998,10211740000.0,3.55,1767667935.6659772,264.9,411.7983765413415,10.4,2.0,pending_z0MGS_table4_download,,,,,,,,,,,,,,,,,,,,129758999999.99998,,,SPARC_proxy_only_until_z0MGS_match,flux_missing_history_age_scan_results.csv,J/ApJS/244/24/table4 (Leroy et al. 2019 z0MGS),https://cdsarc.cds.unistra.fr/viz-bin/cat/J/ApJS/244/24
UGC03205,UGC03205,UGC03205,,3205,,,69691410000.0,56821000000.0,12870410000.0,3.19,1089978714.0991092,219.6,306.5310419537026,10.4,2.0,pending_z0MGS_table4_download,,,,,,,,,,,,,,,,,,,,56821000000.0,,,SPARC_proxy_only_until_z0MGS_match,flux_missing_history_age_scan_results.csv,J/ApJS/244/24/table4 (Leroy et al. 2019 z0MGS),https://cdsarc.cds.unistra.fr/viz-bin/cat/J/ApJS/244/24
UGC03546,UGC03546,UGC03546,,3546,,,54225750000.0,50668000000.0,3557750000.0,3.79,600824009.5352541,196.9,248.06377937245,10.95,1.0,pending_z0MGS_table4_download,,,,,,,,,,,,,,,,,,,,50668000000.0,,,SPARC_proxy_only_until_z0MGS_match,flux_missing_history_age_scan_results.csv,J/ApJS/244/24/table4 (Leroy et al. 2019 z0MGS),https://cdsarc.cds.unistra.fr/viz-bin/cat/J/ApJS/244/24
UGC03580,UGC03580,UGC03580,,3580,,,12445100000.0,6633000000.0,5812100000.0,2.43,335433145.7387842,126.2,148.41446670165763,10.95,1.0,pending_z0MGS_table4_download,,,,,,,,,,,,,,,,,,,,6633000000.0,,,SPARC_proxy_only_until_z0MGS_match,flux_missing_history_age_scan_results.csv,J/ApJS/244/24/table4 (Leroy et al. 2019 z0MGS),https://cdsarc.cds.unistra.fr/viz-bin/cat/J/ApJS/244/24
UGC04278,UGC04278,UGC04278,,4278,,,2137780000.0000005,653500000.0,1484280000.0000005,2.21,69662425.88050862,91.4,64.50086596563446,7.649999999999999,7.0,pending_z0MGS_table4_download,,,,,,,,,,,,,,,,,,,,653500000.0,,,SPARC_proxy_only_until_z0MGS_match,flux_missing_history_age_scan_results.csv,J/ApJS/244/24/table4 (Leroy et al. 2019 z0MGS),https://cdsarc.cds.unistra.fr/viz-bin/cat/J/ApJS/244/24
UGC04305,UGC04305,UGC04305,,4305,,,1285700000.0,368000000.0,917700000.0,1.16,152070087.94088128,34.5,69.04321477186939,6.0,10.0,pending_z0MGS_table4_download,,,,,,,,,,,,,,,,,,,,368000000.0,,,SPARC_proxy_only_until_z0MGS_match,flux_missing_history_age_scan_results.csv,J/ApJS/244/24/table4 (Leroy et al. 2019 z0MGS),https://cdsarc.cds.unistra.fr/viz-bin/cat/J/ApJS/244/24
UGC04325,UGC04325,UGC04325,,4325,,,1914740000.0,1013000000.0,901740000.0,1.86,88085424.828239,90.9,66.53935860649274,6.55,9.0,pending_z0MGS_table4_download,,,,,,,,,,,,,,,,,,,,1013000000.0,,,SPARC_proxy_only_until_z0MGS_match,flux_missing_history_age_scan_results.csv,J/ApJS/244/24/table4 (Leroy et al. 2019 z0MGS),https://cdsarc.cds.unistra.fr/viz-bin/cat/J/ApJS/244/24
UGC04499,UGC04499,UGC04499,,4499,,,2239000000.0,776000000.0,1463000000.0000002,1.73,119064425.00008474,72.8,74.60778946299718,7.1,8.0,pending_z0MGS_table4_download,,,,,,,,,,,,,,,,,,,,776000000.0,,,SPARC_proxy_only_until_z0MGS_match,flux_missing_history_age_scan_results.csv,J/ApJS/244/24/table4 (Leroy et al. 2019 z0MGS),https://cdsarc.cds.unistra.fr/viz-bin/cat/J/ApJS/244/24
UGC05005,UGC05005,UGC05005,,5005,,,6163690000.0,2050000000.0,4113690000.0,3.2,95798997.18614104,98.9,91.01764244828443,6.0,10.0,pending_z0MGS_table4_download,,,,,,,,,,,,,,,,,,,,2050000000.0,,,SPARC_proxy_only_until_z0MGS_match,flux_missing_history_age_scan_results.csv,J/ApJS/244/24/table4 (Leroy et al. 2019 z0MGS),https://cdsarc.cds.unistra.fr/viz-bin/cat/J/ApJS/244/24
UGC05253,UGC05253,UGC05253,,5253,,,107597680000.0,85791000000.0,21806680000.000004,8.07,262951691.8601021,213.7,239.4665534509161,10.4,2.0,pending_z0MGS_table4_download,,,,,,,,,,,,,,,,,,,,85791000000.0,,,SPARC_proxy_only_until_z0MGS_match,flux_missing_history_age_scan_results.csv,J/ApJS/244/24/table4 (Leroy et al. 2019 z0MGS),https://cdsarc.cds.unistra.fr/viz-bin/cat/J/ApJS/244/24
UGC05716,UGC05716,UGC05716,,5716,,,1749020000.0000002,294000000.0,1455020000.0000002,1.14,214192965.9638249,73.1,81.23162468705304,6.55,9.0,pending_z0MGS_table4_download,,,,,,,,,,,,,,,,,,,,294000000.0,,,SPARC_proxy_only_until_z0MGS_match,flux_missing_history_age_scan_results.csv,J/ApJS/244/24/table4 (Leroy et al. 2019 z0MGS),https://cdsarc.cds.unistra.fr/viz-bin/cat/J/ApJS/244/24
UGC05721,UGC05721,UGC05721,,5721,,,1012960000.0,265500000.0,747460000.0000001,0.38,1116465312.703368,79.7,107.07412328800427,7.649999999999999,7.0,pending_z0MGS_table4_download,,,,,,,,,,,,,,,,,,,,265500000.0,,,SPARC_proxy_only_until_z0MGS_match,flux_missing_history_age_scan_results.csv,J/ApJS/244/24/table4 (Leroy et al. 2019 z0MGS),https://cdsarc.cds.unistra.fr/viz-bin/cat/J/ApJS/244/24
UGC05986,UGC05986,UGC05986,,5986,,,5894610000.0,2347500000.0,3547110000.0,1.67,336389371.8307997,113.0,123.21099933182632,6.55,9.0,pending_z0MGS_table4_download,,,,,,,,,,,,,,,,,,,,2347500000.0,,,SPARC_proxy_only_until_z0MGS_match,flux_missing_history_age_scan_results.csv,J/ApJS/244/24/table4 (Leroy et al. 2019 z0MGS),https://cdsarc.cds.unistra.fr/viz-bin/cat/J/ApJS/244/24
UGC06399,UGC06399,UGC06399,,6399,,,2044420000.0,1148000000.0,896420000.0000001,2.05,77425234.68314877,85.0,65.49200815962577,6.55,9.0,pending_z0MGS_table4_download,,,,,,,,,,,,,,,,,,,,1148000000.0,,,SPARC_proxy_only_until_z0MGS_match,flux_missing_history_age_scan_results.csv,J/ApJS/244/24/table4 (Leroy et al. 2019 z0MGS),https://cdsarc.cds.unistra.fr/viz-bin/cat/J/ApJS/244/24
UGC06446,UGC06446,UGC06446,,6446,,,2328070000.0,494000000.0,1834070000.0,1.49,166895116.60013008,82.2,81.97568613056667,7.649999999999999,7.0,pending_z0MGS_table4_download,,,,,,,,,,,,,,,,,,,,494000000.0,,,SPARC_proxy_only_until_z0MGS_match,flux_missing_history_age_scan_results.csv,J/ApJS/244/24/table4 (Leroy et al. 2019 z0MGS),https://cdsarc.cds.unistra.fr/viz-bin/cat/J/ApJS/244/24
UGC06614,UGC06614,UGC06614,,6614,,,91286040000.0,62175000000.0,29111040000.000004,5.1,558578412.1985576,199.8,277.4580138865741,10.95,1.0,pending_z0MGS_table4_download,,,,,,,,,,,,,,,,,,,,62175000000.0,,,SPARC_proxy_only_until_z0MGS_match,flux_missing_history_age_scan_results.csv,J/ApJS/244/24/table4 (Leroy et al. 2019 z0MGS),https://cdsarc.cds.unistra.fr/viz-bin/cat/J/ApJS/244/24
UGC06628,UGC06628,UGC06628,,6628,,,3864500000.0,1869500000.0,1995000000.0,2.82,77341969.41535003,41.8,76.77189824362218,6.55,9.0,pending_z0MGS_table4_download,,,,,,,,,,,,,,,,,,,,1869500000.0,,,SPARC_proxy_only_until_z0MGS_match,flux_missing_history_age_scan_results.csv,J/ApJS/244/24/table4 (Leroy et al. 2019 z0MGS),https://cdsarc.cds.unistra.fr/viz-bin/cat/J/ApJS/244/24
UGC06667,UGC06667,UGC06667,,6667,,,1774470000.0,698500000.0,1075970000.0,5.15,10648154.279131887,83.8,38.4955823154531,8.2,6.0,pending_z0MGS_table4_download,,,,,,,,,,,,,,,,,,,,698500000.0,,,SPARC_proxy_only_until_z0MGS_match,flux_missing_history_age_scan_results.csv,J/ApJS/244/24/table4 (Leroy et al. 2019 z0MGS),https://cdsarc.cds.unistra.fr/viz-bin/cat/J/ApJS/244/24
UGC06786,UGC06786,UGC06786,,6786,,,43393400000.0,36703500000.0,6689900000.000001,3.6,532891520.64535886,219.4,227.6883274188156,11.5,0.0,pending_z0MGS_table4_download,,,,,,,,,,,,,,,,,,,,36703500000.0,,,SPARC_proxy_only_until_z0MGS_match,flux_missing_history_age_scan_results.csv,J/ApJS/244/24/table4 (Leroy et al. 2019 z0MGS),https://cdsarc.cds.unistra.fr/viz-bin/cat/J/ApJS/244/24
UGC06787,UGC06787,UGC06787,,6787,,,55817900000.0,49128000000.0,6689900000.000001,5.37,308066910.7292776,248.1,211.43641237591623,10.4,2.0,pending_z0MGS_table4_download,,,,,,,,,,,,,,,,,,,,49128000000.0,,,SPARC_proxy_only_until_z0MGS_match,flux_missing_history_age_scan_results.csv,J/ApJS/244/24/table4 (Leroy et al. 2019 z0MGS),https://cdsarc.cds.unistra.fr/viz-bin/cat/J/ApJS/244/24
UGC06818,UGC06818,UGC06818,,6818,,,2229070000.0,794000000.0,1435070000.0,1.39,183617571.03558367,71.2,83.04904269087335,6.55,9.0,pending_z0MGS_table4_download,,,,,,,,,,,,,,,,,,,,794000000.0,,,SPARC_proxy_only_until_z0MGS_match,flux_missing_history_age_scan_results.csv,J/ApJS/244/24/table4 (Leroy et al. 2019 z0MGS),https://cdsarc.cds.unistra.fr/viz-bin/cat/J/ApJS/244/24
UGC06917,UGC06917,UGC06917,,6917,,,6106590000.0,3416000000.0,2690590000.0000005,2.76,127585326.60359396,108.7,97.549493192252,6.55,9.0,pending_z0MGS_table4_download,,,,,,,,,,,,,,,,,,,,3416000000.0,,,SPARC_proxy_only_until_z0MGS_match,flux_missing_history_age_scan_results.csv,J/ApJS/244/24/table4 (Leroy et al. 2019 z0MGS),https://cdsarc.cds.unistra.fr/viz-bin/cat/J/ApJS/244/24
UGC06923,UGC06923,UGC06923,,6923,,,2520970000.0,1445000000.0,1075970000.0,1.44,193491915.93671656,79.6,86.772631864914,6.0,10.0,pending_z0MGS_table4_download,,,,,,,,,,,,,,,,,,,,1445000000.0,,,SPARC_proxy_only_until_z0MGS_match,flux_missing_history_age_scan_results.csv,J/ApJS/244/24/table4 (Leroy et al. 2019 z0MGS),https://cdsarc.cds.unistra.fr/viz-bin/cat/J/ApJS/244/24
UGC06930,UGC06930,UGC06930,,6930,,,8771210000.0,4466000000.0,4305210000.000001,3.94,89926397.76836967,107.2,97.85022326582904,7.649999999999999,7.0,pending_z0MGS_table4_download,,,,,,,,,,,,,,,,,,,,4466000000.0,,,SPARC_proxy_only_until_z0MGS_match,flux_missing_history_age_scan_results.csv,J/ApJS/244/24/table4 (Leroy et al. 2019 z0MGS),https://cdsarc.cds.unistra.fr/viz-bin/cat/J/ApJS/244/24
UGC06973,UGC06973,UGC06973,,6973,,,29266490000.0,26935000000.0,2331490000.0,1.07,4068395973.840095,174.2,342.98380047560784,10.4,2.0,pending_z0MGS_table4_download,,,,,,,,,,,,,,,,,,,,26935000000.0,,,SPARC_proxy_only_until_z0MGS_match,flux_missing_history_age_scan_results.csv,J/ApJS/244/24/table4 (Leroy et al. 2019 z0MGS),https://cdsarc.cds.unistra.fr/viz-bin/cat/J/ApJS/244/24
UGC06983,UGC06983,UGC06983,,6983,,,6595110000.000001,2649000000.0,3946110000.000001,3.21,101866670.23173204,109.0,94.0023439591433,8.2,6.0,pending_z0MGS_table4_download,,,,,,,,,,,,,,,,,,,,2649000000.0,,,SPARC_proxy_only_until_z0MGS_match,flux_missing_history_age_scan_results.csv,J/ApJS/244/24/table4 (Leroy et al. 2019 z0MGS),https://cdsarc.cds.unistra.fr/viz-bin/cat/J/ApJS/244/24
UGC07125,UGC07125,UGC07125,,7125,,,7512569999.999999,1356000000.0,6156569999.999999,3.38,104658682.36615317,65.2,97.77235884165594,6.55,9.0,pending_z0MGS_table4_download,,,,,,,,,,,,,,,,,,,,1356000000.0,,,SPARC_proxy_only_until_z0MGS_match,flux_missing_history_age_scan_results.csv,J/ApJS/244/24/table4 (Leroy et al. 2019 z0MGS),https://cdsarc.cds.unistra.fr/viz-bin/cat/J/ApJS/244/24
UGC07151,UGC07151,UGC07151,,7151,,,1961280000.0,1142000000.0,819280000.0,1.25,199774340.3438544,73.5,82.1476172012311,8.2,6.0,pending_z0MGS_table4_download,,,,,,,,,,,,,,,,,,,,1142000000.0,,,SPARC_proxy_only_until_z0MGS_match,flux_missing_history_age_scan_results.csv,J/ApJS/244/24/table4 (Leroy et al. 2019 z0MGS),https://cdsarc.cds.unistra.fr/viz-bin/cat/J/ApJS/244/24
UGC07261,UGC07261,UGC07261,,7261,,,2722540000.0,876500000.0,1846040000.0,1.2,300906735.25375605,74.7,98.78174389109896,7.1,8.0,pending_z0MGS_table4_download,,,,,,,,,,,,,,,,,,,,876500000.0,,,SPARC_proxy_only_until_z0MGS_match,flux_missing_history_age_scan_results.csv,J/ApJS/244/24/table4 (Leroy et al. 2019 z0MGS),https://cdsarc.cds.unistra.fr/viz-bin/cat/J/ApJS/244/24
UGC07399,UGC07399,UGC07399,,7399,,,1568850000.0,578000000.0,990850000.0,1.64,92835452.28648128,103.0,64.14295511713298,7.1,8.0,pending_z0MGS_table4_download,,,,,,,,,,,,,,,,,,,,578000000.0,,,SPARC_proxy_only_until_z0MGS_match,flux_missing_history_age_scan_results.csv,J/ApJS/244/24/table4 (Leroy et al. 2019 z0MGS),https://cdsarc.cds.unistra.fr/viz-bin/cat/J/ApJS/244/24
UGC07524,UGC07524,UGC07524,,7524,,,3584070000.0,1218000000.0,2366070000.0,3.46,47647971.606750086,79.5,66.74678772487553,6.55,9.0,pending_z0MGS_table4_download,,,,,,,,,,,,,,,,,,,,1218000000.0,,,SPARC_proxy_only_until_z0MGS_match,flux_missing_history_age_scan_results.csv,J/ApJS/244/24/table4 (Leroy et al. 2019 z0MGS),https://cdsarc.cds.unistra.fr/viz-bin/cat/J/ApJS/244/24
UGC07603,UGC07603,UGC07603,,7603,,,531140000.0,188000000.0,343140000.0,0.53,300938257.2938031,61.6,65.65181653208282,7.649999999999999,7.0,pending_z0MGS_table4_download,,,,,,,,,,,,,,,,,,,,188000000.0,,,SPARC_proxy_only_until_z0MGS_match,flux_missing_history_age_scan_results.csv,J/ApJS/244/24/table4 (Leroy et al. 2019 z0MGS),https://cdsarc.cds.unistra.fr/viz-bin/cat/J/ApJS/244/24
UGC07690,UGC07690,UGC07690,,7690,,,947700000.0,429000000.0,518700000.00000006,0.57,464238656.7195728,57.4,84.562573188205,6.0,10.0,pending_z0MGS_table4_download,,,,,,,,,,,,,,,,,,,,429000000.0,,,SPARC_proxy_only_until_z0MGS_match,flux_missing_history_age_scan_results.csv,J/ApJS/244/24/table4 (Leroy et al. 2019 z0MGS),https://cdsarc.cds.unistra.fr/viz-bin/cat/J/ApJS/244/24
UGC08286,UGC08286,UGC08286,,8286,,,1481360000.0,627500000.0,853860000.0000001,1.05,213846500.22549668,82.4,77.8961215343565,8.2,6.0,pending_z0MGS_table4_download,,,,,,,,,,,,,,,,,,,,627500000.0,,,SPARC_proxy_only_until_z0MGS_match,flux_missing_history_age_scan_results.csv,J/ApJS/244/24/table4 (Leroy et al. 2019 z0MGS),https://cdsarc.cds.unistra.fr/viz-bin/cat/J/ApJS/244/24
UGC08490,UGC08490,UGC08490,,8490,,,1466100000.0,508500000.0,957600000.0,0.67,519797420.5101976,78.6,97.01180225937428,6.55,9.0,pending_z0MGS_table4_download,,,,,,,,,,,,,,,,,,,,508500000.0,,,SPARC_proxy_only_until_z0MGS_match,flux_missing_history_age_scan_results.csv,J/ApJS/244/24/table4 (Leroy et al. 2019 z0MGS),https://cdsarc.cds.unistra.fr/viz-bin/cat/J/ApJS/244/24
UGC08550,UGC08550,UGC08550,,8550,,,527540000.0,144500000.0,383040000.0,0.45,414620240.3886344,56.9,71.00707416088125,7.649999999999999,7.0,pending_z0MGS_table4_download,,,,,,,,,,,,,,,,,,,,144500000.0,,,SPARC_proxy_only_until_z0MGS_match,flux_missing_history_age_scan_results.csv,J/ApJS/244/24/table4 (Leroy et al. 2019 z0MGS),https://cdsarc.cds.unistra.fr/viz-bin/cat/J/ApJS/244/24
UGC08699,UGC08699,UGC08699,,8699,,,30122540000.0,25151000000.0,4971540000.0,3.09,502105250.20510274,182.4,204.7607598489414,10.4,2.0,pending_z0MGS_table4_download,,,,,,,,,,,,,,,,,,,,25151000000.0,,,SPARC_proxy_only_until_z0MGS_match,flux_missing_history_age_scan_results.csv,J/ApJS/244/24/table4 (Leroy et al. 2019 z0MGS),https://cdsarc.cds.unistra.fr/viz-bin/cat/J/ApJS/244/24
UGC09037,UGC09037,UGC09037,,9037,,,59680740000.0,34307000000.000004,25373740000.0,4.28,518521529.0845381,152.3,244.89244800915336,8.2,6.0,pending_z0MGS_table4_download,,,,,,,,,,,,,,,,,,,,34307000000.000004,,,SPARC_proxy_only_until_z0MGS_match,flux_missing_history_age_scan_results.csv,J/ApJS/244/24/table4 (Leroy et al. 2019 z0MGS),https://cdsarc.cds.unistra.fr/viz-bin/cat/J/ApJS/244/24
UGC09133,UGC09133,UGC09133,,9133,,,185922240000.0,141463000000.0,44459240000.0,6.97,609096240.0185609,226.8,338.71112386331777,10.4,2.0,pending_z0MGS_table4_download,,,,,,,,,,,,,,,,,,,,141463000000.0,,,SPARC_proxy_only_until_z0MGS_match,flux_missing_history_age_scan_results.csv,J/ApJS/244/24/table4 (Leroy et al. 2019 z0MGS),https://cdsarc.cds.unistra.fr/viz-bin/cat/J/ApJS/244/24
UGC09992,UGC09992,UGC09992,,9992,,,590940000.0,168000000.0,422940000.0,1.04,86955456.79615812,33.6,49.43507548173275,6.0,10.0,pending_z0MGS_table4_download,,,,,,,,,,,,,,,,,,,,168000000.0,,,SPARC_proxy_only_until_z0MGS_match,flux_missing_history_age_scan_results.csv,J/ApJS/244/24/table4 (Leroy et al. 2019 z0MGS),https://cdsarc.cds.unistra.fr/viz-bin/cat/J/ApJS/244/24
UGC10310,UGC10310,UGC10310,,10310,,,2461180000.0,870500000.0,1590680000.0,1.8,120897828.0367009,71.4,76.68591669125288,6.55,9.0,pending_z0MGS_table4_download,,,,,,,,,,,,,,,,,,,,870500000.0,,,SPARC_proxy_only_until_z0MGS_match,flux_missing_history_age_scan_results.csv,J/ApJS/244/24/table4 (Leroy et al. 2019 z0MGS),https://cdsarc.cds.unistra.fr/viz-bin/cat/J/ApJS/244/24
UGC11455,UGC11455,UGC11455,,11455,,,204896550000.0,187161000000.0,17735550000.000004,5.93,927353661.0363086,269.4,385.4962463669197,8.2,6.0,pending_z0MGS_table4_download,,,,,,,,,,,,,,,,,,,,187161000000.0,,,SPARC_proxy_only_until_z0MGS_match,flux_missing_history_age_scan_results.csv,J/ApJS/244/24/table4 (Leroy et al. 2019 z0MGS),https://cdsarc.cds.unistra.fr/viz-bin/cat/J/ApJS/244/24
UGC11914,UGC11914,UGC11914,,11914,,,76195040000.0,75014000000.0,1181040000.0,2.44,2036888144.162304,288.1,366.4785959164847,10.4,2.0,pending_z0MGS_table4_download,,,,,,,,,,,,,,,,,,,,75014000000.0,,,SPARC_proxy_only_until_z0MGS_match,flux_missing_history_age_scan_results.csv,J/ApJS/244/24/table4 (Leroy et al. 2019 z0MGS),https://cdsarc.cds.unistra.fr/viz-bin/cat/J/ApJS/244/24
UGC12506,UGC12506,UGC12506,,12506,,,117074980000.0,69785500000.0,47289480000.0,7.38,342114514.7910339,234.0,261.20653765930524,8.2,6.0,pending_z0MGS_table4_download,,,,,,,,,,,,,,,,,,,,69785500000.0,,,SPARC_proxy_only_until_z0MGS_match,flux_missing_history_age_scan_results.csv,J/ApJS/244/24/table4 (Leroy et al. 2019 z0MGS),https://cdsarc.cds.unistra.fr/viz-bin/cat/J/ApJS/244/24
UGC12632,UGC12632,UGC12632,,12632,,,2970020000.0,650500000.0,2319520000.0,2.42,80713981.98241088,71.7,72.6527706984757,6.55,9.0,pending_z0MGS_table4_download,,,,,,,,,,,,,,,,,,,,650500000.0,,,SPARC_proxy_only_until_z0MGS_match,flux_missing_history_age_scan_results.csv,J/ApJS/244/24/table4 (Leroy et al. 2019 z0MGS),https://cdsarc.cds.unistra.fr/viz-bin/cat/J/ApJS/244/24
UGCA442,UGCA442,UGCA442,,,,,419790000.0,70000000.0,349790000.0,1.18,47983089.31380836,56.4,39.11607031253159,6.55,9.0,pending_z0MGS_table4_download,,,,,,,,,,,,,,,,,,,,70000000.0,,,SPARC_proxy_only_until_z0MGS_match,flux_missing_history_age_scan_results.csv,J/ApJS/244/24/table4 (Leroy et al. 2019 z0MGS),https://cdsarc.cds.unistra.fr/viz-bin/cat/J/ApJS/244/24
UGCA444,UGCA444,UGCA444,,,,,95110000.0,6000000.0,89110000.0,0.83,21973039.1021486,37.0,22.200063771209827,6.0,10.0,pending_z0MGS_table4_download,,,,,,,,,,,,,,,,,,,,6000000.0,,,SPARC_proxy_only_until_z0MGS_match,flux_missing_history_age_scan_results.csv,J/ApJS/244/24/table4 (Leroy et al. 2019 z0MGS),https://cdsarc.cds.unistra.fr/viz-bin/cat/J/ApJS/244/24
